id;merknaam;logo1;CMP;logo_cmp_campagnolo.png2;AYACUCHO;Logo_Ayacucho.png3;BRIAN AND NEPHEW;logo_BandN.png4;PETIT LOUIE;petit_louie.png5;LONG ISLAND;longislands.png6;DAKINE;dakine.png7;CORTINA;cortina_1.png8;JACK WOLFSKIN;jackwolfskin.jpg9;EIDER;eider.jpg10;MERRELL;merrell.png11;THE NORTH FACE;Logo-North-face.png12;SAMSONITE;Samsonite_Logo_NUOVO.jpg13;SPRAYWAY;Sprayway-LOGO.png14;BERGANS;Bergans_logo.png15;BYNOLYT;bynolyt.png16;BLACK DIAMOND;blackdiamond.png17;PETZL;Petzl-Logo.png18;GARMIN;garmin.png19;MILLET;millet-logo-primary.png20;DIDRIKSONS 1913;Didriksons1913-logo.png21;NORDISK;nordisk.jpg22;OSPREY;logoosprey.png23;ICEBREAKER;icebreakerlogo.jpg24;COLUMBIA;columbia.png25;TIMBERLAND;timberland.jpg26;OUTDOOR RESEARCH;OR_Logo_Wordmark_rev.jpg27;CAMELBAK;camelbak-logo-730x288.jpg28;ICHI;Ichi2.png29;CKS;cks.png30;SINNER;sinner.png31;SIRIUS;sirius-logo.jpg32;LOMOGRAPHY;lomo-logo.png33;SIGNUM;signum-logo.png34;DSTREZZED;DS_LOGO_ANNO2012z_NEG1.png35;JACK & JONES;JackJoneslogoblack-redConverted.png36;KING LOUIE;King-Louie.jpg37;ONLY;only.jpg38;HAGLOFS;jl353_haglofs_logo.jpg39;FATBOY;fatboy_logo.png40;OUTWELL;outwell.jpg41;YAYA;YAYA-LOGO-pewter140.jpg42;LOTUSGRILL;lotus_grill.jpg43;SUCK UK;lg_suckuk2.jpg44;ESSCHERT;esschert.jpg45;XTORM;logo-xtorm.jpg46;COUREUR DU MONDE;cdm_logo.jpg47;DAVANTI;LogoZwartDavantiBikewear.jpg48;DE MARCHI;De_Marchi_new_logo.png49;MALOJA;Maloja.jpg50;GENTLEMAN'S HARDWARE;GENTLEMEN_S_HARDWARE_BANNER_1024x1024.jpg51;BROOKS;Brooks-Logo.jpg52;CRAFT;craft-logo-300x79.jpg53;GORE BIKE WEAR;a6d73b9a42544224fe23e2305c351099.jpg54;NIKE;nike.png55;CUBE;2000px-Cube_Logo.svg.jpg56;NEW BALANCE;new_balance_logo_30005.jpg57;ADIDAS;adidas.jpg58;NATHAN;Nathan.jpg59;TOMTOM;tomtom-logo.jpg60;AZURI;azuri.jpg61;BLACK EYE;blackeye_LOGO.jpg62;COLEMAN;logo_coleman.jpg63;GOPRO;gopro_logo.jpg64;EAGLE CREEK;Logo_Eagle_Creek.jpg65;OUTDOOR TECH;outdoorteck_logo.jpg66;TERRE BLEUE;terre_bleue_logo.jpg67;LUCKIES;luckies_web.jpg68;AMAZONAS;amazonas_logo.jpg69;DEUTER;deuter_logo.jpg70;CARE PLUS;careplus_logo.jpg71;VARTA;varta_logo.jpg72;LED LENSER;ledlenser_logo.jpg73;RUMBL;rumbl_logo.jpg74;LINGADORE;lingadore_logo.jpg75;MOLO KIDS;molokids_logo.jpg76;NAME IT;nameit_logo.jpg77;JULBO;julbo_logo.jpg78;SPEEDO;speedo_logo.jpg79;QUUT;quut_logo.jpg80;HAVAIANAS;havaianas_logo.jpg81;REEF;reef_logo.jpg82;CROCS;crocs_logo.jpg83;IPANEMA;ipanema_logo.jpg84;RIDER;rider_logo.jpg85;BARTS;barts_logo.jpg86;J&J TECH;j_j_tech_logo.jpg87;PROTEST;protest_logo.jpg88;NIVEA;nivea_logo.jpg89;VAUDE;vaude_logo.jpg90;UAX;uax_logo.jpg91;PATAGONIA;patagonia_logo.jpg92;ROYAL ROBBINS;royalrobins_logo.jpg93;TEVA;teva_logo.jpg94;OVERSTIMS;overstims_logo.jpg95;SEA TO SUMMIT;seatosummit_logo.jpg96;KITE OPTICS;kiteoptics_logo.jpg97;SUUNTO;suunto_logo.jpg98;ABUS;abus_logo.jpg99;DAHON;dahon_logo.jpg100;CASCO;casco_logo.jpg101;BATAVUS;batavus_logo.jpg102;CLARIJS;clarijs_logo.jpg103;LIIX;liix_logo.jpg104;ODLO;odlo_logo.jpg105;CAMEL ACTIVE;camelactive_logo.jpg106;LALAY;lalay_logo.jpg107;BEACHLIFE;beachlife_logo.jpg108;PIECES;Pieces.jpg109;TUMBLE 'N DRY;TND-web.jpg110;STONES & BONES;stones-bones.jpg111;SOMEONE;Someone.jpg112;WEWOOD;logo_wewood.jpg113;KIKKERLAND;kikkerland-web.jpg114;PREMIUM;Premium-by-JJ-black.jpg115;BLEND;Blendlogo_black.jpg116;FJALLRAVEN;Logo_Fjallraven.jpg117;RAY-BAN;Logo_Ray-Ban1.jpg118;LEATHERMAN;Logo_Leatherman.jpg119;LUNDHAGS;logo-web18-1.jpg120;LOWA;Logo_Lowa.jpg121;CANNONDALE;Logo_Cannondale-1.jpg122;LEZYNE;Logo_Lezyne.jpg123;ORTLIEB;Logo_Ortlieb.jpg124;RH+;ZERO.jpg125;CONTIGO;logo_contigo_120_1205.jpg126;MEN'S SOCIETY;mens-society.jpg127;IZOLA;izola_logo.jpg128;BEN SHERMAN;ben-sherman3.jpg129;PME LEGEND;pmej_logo.jpg130;STETSON;logo10.jpg131;ESKIMO;eskimo.jpg132;CKS PYJAMA;CKS_Logo_CMYK21.jpg133;CLAESENS;Claesens_Z.jpg